0,1.5708,-3.1416,3.1416,0,0,0
5.1155e-05,1.5708,-3.1416,3.1416,-7.9057e-06,7.4219e-06,3.3857e-07
0.00015346,1.5708,-3.1416,3.1416,-2.3717e-05,2.2266e-05,1.0157e-06
0.00035808,1.5708,-3.1416,3.1416,-5.534e-05,5.1953e-05,2.37e-06
0.00076732,1.5708,-3.1416,3.1416,-0.00011859,0.00011133,5.0786e-06
0.0015858,1.5708,-3.1416,3.1416,-0.00024508,0.00023008,1.0496e-05
0.0032227,1.5708,-3.1416,3.1416,-0.00049806,0.00046758,2.133e-05
0.0064966,1.5708,-3.1416,3.1416,-0.001004,0.00094258,4.2998e-05
0.013044,1.5708,-3.1416,3.1416,-0.0020159,0.0018926,8.633e-05
0.02614,1.5707,-3.1415,3.1416,-0.0040397,0.0037926,0.00017296
0.052331,1.5706,-3.1414,3.1416,-0.0080868,0.0075931,0.00034595
0.10471,1.5699,-3.1408,3.1416,-0.016177,0.015196,0.00068975
0.20948,1.5674,-3.1384,3.1417,-0.032327,0.030424,0.0013596
0.31424,1.5632,-3.1344,3.1419,-0.048405,0.045701,0.0019869
0.41901,1.5573,-3.1288,3.1422,-0.064371,0.061055,0.0025457
0.52377,1.5497,-3.1216,3.1424,-0.080179,0.076517,0.0030044
0.62854,1.5405,-3.1128,3.1428,-0.095778,0.092124,0.0033245
0.83807,1.5172,-3.0902,3.1435,-0.12611,0.12394,0.0033549
1.0476,1.4877,-3.0608,3.1441,-0.15485,0.15691,0.0021668
1.2571,1.4525,-3.0243,3.1443,-0.18138,0.19149,-0.00081534
1.4457,1.4162,-2.9851,3.1437,-0.20294,0.22435,-0.0055303
1.6154,1.3803,-2.9444,3.1423,-0.22022,0.25558,-0.011739
1.7851,1.3416,-2.8983,3.1396,-0.23545,0.28852,-0.019984
2.1246,1.2572,-2.7885,3.1292,-0.26062,0.35965,-0.042569
2.4023,1.1823,-2.6799,3.1142,-0.27806,0.423,-0.066347
2.6801,1.1027,-2.553,3.092,-0.29553,0.49127,-0.093892
2.9579,1.0179,-2.4064,3.0617,-0.31582,0.56606,-0.12484
3.2357,0.92675,-2.2376,3.0223,-0.34173,0.65107,-0.16
3.5134,0.82724,-2.0431,2.9722,-0.37677,0.75342,-0.20206
3.7912,0.71611,-1.8163,2.9089,-0.42683,0.8867,-0.25736
4.069,0.58772,-1.5453,2.8268,-0.50436,1.0797,-0.34195
4.2079,0.51389,-1.3862,2.775,-0.56193,1.2178,-0.40778
4.3467,0.43064,-1.2048,2.7121,-0.64193,1.4054,-0.50638
4.4856,0.33389,-0.99219,2.6316,-0.75981,1.6745,-0.67053
4.6245,0.21659,-0.73346,2.5197,-0.94133,2.073,-0.98034
4.694,0.14708,-0.58076,2.4431,-1.0614,2.3237,-1.2387
4.7634,0.068904,-0.41055,2.3452,-1.1868,2.5679,-1.5925
4.7981,0.026739,-0.31969,2.2863,-1.2406,2.6624,-1.8003
4.8155,0.0050026,-0.27315,2.2542,-1.263,2.6979,-1.9087
4.8155,0.0049194,-0.27298,2.254,-1.2631,2.698,-1.9091
4.8157,0.004753,-0.27262,2.2538,-1.2632,2.6983,-1.9099
4.8159,0.0044201,-0.27191,2.2533,-1.2635,2.6988,-1.9116
4.8165,0.003754,-0.27049,2.2523,-1.2642,2.6997,-1.9149
4.8175,0.0024208,-0.26764,2.2502,-1.2654,2.7015,-1.9215
4.8186,0.0010863,-0.26479,2.2482,-1.2666,2.7034,-1.9282
4.8186,0.0010338,-0.26468,2.2481,-1.2666,2.7034,-1.9284
4.8187,0.00092883,-0.26446,2.248,-1.2667,2.7036,-1.9289
4.8187,0.00088157,-0.26436,2.2479,-1.2668,2.7036,-1.9292
4.8188,0.00083431,-0.26425,2.2478,-1.2668,2.7037,-1.9294
4.8189,0.00073979,-0.26405,2.2477,-1.2669,2.7038,-1.9299
4.8189,0.00064527,-0.26385,2.2475,-1.2668,2.7035,-1.9302
4.819,0.00055076,-0.26365,2.2474,-1.2663,2.7023,-1.9302
4.8191,0.00045632,-0.26345,2.2473,-1.2651,2.6997,-1.9298
4.8192,0.00036199,-0.26325,2.2471,-1.2636,2.6961,-1.929
4.8193,0.00017354,-0.26284,2.2468,-1.261,2.6903,-1.9279
4.8194,4.4156e-06,-0.26248,2.2466,-1.2582,2.6837,-1.9265
4.8196,-0.00016435,-0.26212,2.2463,-1.2554,2.6773,-1.9251
4.8197,-0.00033276,-0.26176,2.246,-1.2525,2.6709,-1.9237
4.8198,-0.00050078,-0.26141,2.2458,-1.2497,2.6644,-1.9223
4.8201,-0.00083567,-0.26069,2.2453,-1.2439,2.6511,-1.9194
4.8206,-0.0015007,-0.25928,2.2442,-1.2319,2.6237,-1.9132
4.8217,-0.0028106,-0.25649,2.2422,-1.2063,2.5656,-1.8993
4.8239,-0.0053428,-0.25111,2.2381,-1.1493,2.4365,-1.866
4.8282,-0.010002,-0.24127,2.2303,-1.0146,2.133,-1.7789
4.8325,-0.014031,-0.23285,2.2229,-0.85758,1.781,-1.6677
4.8368,-0.01735,-0.22601,2.216,-0.68476,1.3953,-1.5379
4.8411,-0.019904,-0.22088,2.2097,-0.50283,0.99058,-1.3955
4.8497,-0.022646,-0.21587,2.199,-0.13707,0.18,-1.0994
4.8539,-0.022861,-0.21592,2.1946,0.035145,-0.20066,-0.95821
4.8582,-0.022364,-0.21755,2.1907,0.19363,-0.55052,-0.82896
4.8625,-0.021222,-0.2206,2.1874,0.3344,-0.86093,-0.71593
4.8711,-0.017351,-0.2302,2.182,0.55126,-1.3383,-0.54973
4.8797,-0.012024,-0.24299,2.1777,0.67177,-1.6019,-0.47018
4.8883,-0.0060799,-0.25712,2.1737,0.69586,-1.6513,-0.47126
4.8969,-0.00030296,-0.27084,2.1694,0.63522,-1.5118,-0.53609
4.9012,0.002312,-0.27707,2.167,0.57911,-1.3844,-0.58585
4.9034,0.0035212,-0.27997,2.1657,0.54588,-1.3092,-0.61387
4.9055,0.0046559,-0.28269,2.1644,0.50973,-1.2275,-0.64357
4.9077,0.00571,-0.28524,2.163,0.47104,-1.1401,-0.67463
4.912,0.0075576,-0.28974,2.1599,0.38764,-0.95191,-0.7397
4.9163,0.0090341,-0.2934,2.1566,0.29881,-0.75166,-0.80695
4.9206,0.010123,-0.29619,2.153,0.20756,-0.54614,-0.8745
4.9249,0.010819,-0.2981,2.1491,0.11675,-0.34173,-0.9407
4.9335,0.011076,-0.29936,2.1405,-0.053418,0.041046,-1.0635
4.9378,0.010682,-0.29881,2.1358,-0.1284,0.20965,-1.1178
4.942,0.0099856,-0.29758,2.1309,-0.19432,0.35789,-1.1659
4.9506,0.0078544,-0.29347,2.1205,-0.29411,0.5827,-1.241
4.9592,0.0050653,-0.28787,2.1096,-0.34693,0.70287,-1.2843
4.9678,0.0020255,-0.28169,2.0985,-0.35288,0.71911,-1.2945
4.9721,0.00053357,-0.27865,2.093,-0.33976,0.69169,-1.2876
4.9764,-0.0008815,-0.27577,2.0875,-0.31731,0.64375,-1.2735
4.9807,-0.0021824,-0.27314,2.082,-0.28686,0.57824,-1.2531
4.9827,-0.0027219,-0.27205,2.0796,-0.27092,0.54389,-1.2421
4.9846,-0.0032295,-0.27104,2.0772,-0.25381,0.50695,-1.2301
4.9885,-0.0041404,-0.26923,2.0725,-0.21662,0.42664,-1.2036
4.9923,-0.0049013,-0.26775,2.0679,-0.17646,0.3399,-1.1746
4.9962,-0.0055031,-0.26661,2.0634,-0.13452,0.24935,-1.1439
5.0001,-0.0059411,-0.26582,2.0591,-0.09194,0.15752,-1.1125
5.0078,-0.0063286,-0.2653,2.0507,-0.0091765,-0.020599,-1.0514
5.0117,-0.0062892,-0.26554,2.0467,0.02908,-0.10265,-1.0232
5.0155,-0.0061078,-0.26608,2.0428,0.064158,-0.17765,-0.99755
5.0194,-0.0057979,-0.2669,2.039,0.0954,-0.24416,-0.975
5.0271,-0.0048581,-0.26922,2.0316,0.14444,-0.34751,-0.9407
5.0349,-0.0036142,-0.27216,2.0244,0.17378,-0.40746,-0.92212
5.0426,-0.0022211,-0.27541,2.0173,0.18315,-0.42355,-0.91913
5.0503,-0.00082761,-0.27861,2.0101,0.17423,-0.39954,-0.93009
5.0581,0.00043601,-0.2815,2.0028,0.15018,-0.34242,-0.95226
5.0658,0.0014679,-0.28385,1.9954,0.11513,-0.26135,-0.98234
5.0728,0.0021423,-0.28538,1.9884,0.078039,-0.17637,-1.0133
5.0763,0.0023802,-0.28592,1.9849,0.05863,-0.13204,-1.0293
5.0797,0.0025504,-0.2863,1.9813,0.039188,-0.087689,-1.0453
5.0832,0.0026535,-0.28653,1.9776,0.020093,-0.044133,-1.061
5.0902,0.0026665,-0.28654,1.9701,-0.015683,0.037599,-1.0906
5.0971,0.0024471,-0.28603,1.9624,-0.04632,0.10797,-1.1164
5.1041,0.0020377,-0.28508,1.9546,-0.070081,0.16323,-1.1372
5.1111,0.0014898,-0.2838,1.9466,-0.085934,0.20117,-1.1522
5.118,0.00086029,-0.28232,1.9385,-0.09355,0.22111,-1.1611
5.125,0.00020562,-0.28076,1.9304,-0.093248,0.2238,-1.1641
5.1285,-0.0001145,-0.27999,1.9264,-0.09039,0.21926,-1.1636
5.132,-0.00042183,-0.27924,1.9223,-0.085926,0.21123,-1.1618
5.1354,-0.00071106,-0.27852,1.9183,-0.080032,0.20011,-1.1589
5.1389,-0.00097758,-0.27785,1.9143,-0.072905,0.18632,-1.155
5.1424,-0.0012174,-0.27723,1.9103,-0.064754,0.17032,-1.1503
5.1494,-0.0016053,-0.27616,1.9023,-0.046256,0.13359,-1.1393
5.1563,-0.0018582,-0.27537,1.8944,-0.026292,0.093762,-1.1271
5.1633,-0.001972,-0.27486,1.8866,-0.0065381,0.054456,-1.115
5.1703,-0.0019533,-0.27461,1.8789,0.011532,0.018869,-1.1043
5.1772,-0.0018183,-0.27458,1.8712,0.026737,-0.010451,-1.0958
5.1842,-0.0015897,-0.27473,1.8636,0.03824,-0.031708,-1.0902
5.1911,-0.0012954,-0.275,1.856,0.045586,-0.043937,-1.088
5.2051,-0.00062682,-0.27563,1.8409,0.047768,-0.041304,-1.0935
5.219,-2.9865e-05,-0.27601,1.8255,0.036177,-0.00895,-1.1099
5.2253,0.00017195,-0.276,1.8185,0.028041,0.011878,-1.1196
5.2315,0.0003196,-0.27586,1.8115,0.018994,0.034644,-1.1301
5.2378,0.00040941,-0.27557,1.8044,0.00968,0.057958,-1.1408
5.244,0.00044159,-0.27513,1.7972,0.00069342,0.08054,-1.1513
5.2503,0.00041986,-0.27456,1.7899,-0.0074496,0.10128,-1.1613
5.2566,0.00035086,-0.27387,1.7826,-0.014336,0.1193,-1.1703
5.2628,0.00024346,-0.27307,1.7753,-0.01967,0.13396,-1.1781
5.2754,-4.4545e-05,-0.27127,1.7604,-0.025114,0.15202,-1.1898
5.2879,-0.00035753,-0.26933,1.7455,-0.023805,0.15559,-1.1963
5.299,-0.00059338,-0.26763,1.7322,-0.018261,0.14934,-1.1986
5.31,-0.00075302,-0.26604,1.719,-0.010342,0.13805,-1.1991
5.3211,-0.00082037,-0.26458,1.7057,-0.0018834,0.12566,-1.1992
5.3322,-0.00079875,-0.26325,1.6925,0.0054901,0.11564,-1.2004
5.3421,-0.00071869,-0.26213,1.6805,0.01023,0.11073,-1.2031
5.3521,-0.00060245,-0.26103,1.6685,0.012721,0.11065,-1.2078
5.362,-0.00047288,-0.25991,1.6564,0.012935,0.11547,-1.2145
5.372,-0.00035133,-0.25872,1.6443,0.011188,0.12449,-1.223
5.3819,-0.00025473,-0.25742,1.6321,0.008034,0.13654,-1.2328
5.3919,-0.00019374,-0.256,1.6198,0.004154,0.15014,-1.2434
5.4018,-0.00017216,-0.25443,1.6073,0.00023335,0.16384,-1.2542
5.4118,-0.00018731,-0.25274,1.5948,-0.0031439,0.17639,-1.2648
5.4217,-0.00023155,-0.25093,1.5822,-0.0055608,0.18692,-1.2747
5.4317,-0.00029409,-0.24902,1.5694,-0.0068059,0.19498,-1.2838
5.4416,-0.0003631,-0.24705,1.5566,-0.0068706,0.20056,-1.2921
5.4516,-0.0004275,-0.24504,1.5437,-0.005925,0.20402,-1.2996
5.4616,-0.00047867,-0.243,1.5307,-0.0042605,0.20599,-1.3068
5.4715,-0.00051112,-0.24094,1.5177,-0.0022334,0.20723,-1.3137
5.4815,-0.00052312,-0.23887,1.5046,-0.00019847,0.20851,-1.3208
5.4914,-0.00051608,-0.23679,1.4914,0.0015399,0.21045,-1.3284
5.5014,-0.00049418,-0.23468,1.4781,0.0027678,0.21354,-1.3366
5.5113,-0.00046304,-0.23253,1.4648,0.0033792,0.21798,-1.3456
5.5213,-0.00042897,-0.23033,1.4513,0.0033749,0.22379,-1.3554
5.5312,-0.00039761,-0.22807,1.4378,0.0028478,0.23075,-1.3659
5.5412,-0.0003735,-0.22574,1.4241,0.0019527,0.23856,-1.377
5.5511,-0.00035934,-0.22332,1.4104,0.00087752,0.24681,-1.3885
5.5611,-0.00035601,-0.22082,1.3965,-0.0001918,0.2551,-1.4003
5.5711,-0.00036262,-0.21824,1.3825,-0.0010982,0.26312,-1.4122
5.581,-0.00037697,-0.21559,1.3684,-0.0017316,0.27062,-1.4242
5.591,-0.00039601,-0.21286,1.3541,-0.0020401,0.27751,-1.4361
5.6009,-0.00041651,-0.21006,1.3398,-0.0020272,0.28378,-1.448
5.6109,-0.00043547,-0.20721,1.3253,-0.0017441,0.28957,-1.4599
5.6208,-0.00045061,-0.2043,1.3107,-0.0012747,0.29503,-1.472
5.6407,-0.00046486,-0.19832,1.2812,-0.00017139,0.30588,-1.4969
5.6543,-0.00046291,-0.1941,1.2607,0.00041231,0.31389,-1.515
5.668,-0.00045492,-0.18977,1.2399,0.00070211,0.32271,-1.534
5.6816,-0.00044522,-0.18531,1.2189,0.00067208,0.33242,-1.5541
5.6952,-0.00043773,-0.18071,1.1976,0.00039553,0.34287,-1.5752
5.7088,-0.00043505,-0.17597,1.176,-1.0619e-05,0.35384,-1.5973
5.7224,-0.00043801,-0.17107,1.1541,-0.00040873,0.36504,-1.6203
5.736,-0.00044572,-0.16603,1.1319,-0.00070027,0.37628,-1.6441
5.7497,-0.00045634,-0.16083,1.1093,-0.00082461,0.38744,-1.6686
5.7633,-0.00046745,-0.15548,1.0864,-0.00079292,0.39857,-1.6941
5.7769,-0.00047735,-0.14997,1.0632,-0.00063885,0.40975,-1.7204
5.7905,-0.00048459,-0.14432,1.0396,-0.0004415,0.42118,-1.7478
5.8041,-0.00048951,-0.1385,1.0156,-0.00025029,0.43298,-1.7765
5.8164,-0.00049168,-0.13313,0.99363,-0.00014403,0.44407,-1.8035
5.8274,-0.00049316,-0.12817,0.9736,-0.00010636,0.45446,-1.8287
5.8329,-0.00049373,-0.12565,0.96348,-0.00010908,0.4598,-1.8417
5.8384,-0.00049438,-0.1231,0.95329,-0.00012469,0.46524,-1.855
5.844,-0.00049513,-0.12052,0.94302,-0.00015104,0.47079,-1.8685
5.8495,-0.00049606,-0.11791,0.93268,-0.00018609,0.47642,-1.8823
5.855,-0.00049719,-0.11527,0.92226,-0.00022692,0.48215,-1.8963
5.8605,-0.00049857,-0.11259,0.91177,-0.00027106,0.48796,-1.9106
5.866,-0.00050018,-0.10989,0.90119,-0.00031562,0.49386,-1.9252
5.877,-0.00050413,-0.10437,0.87979,-0.00039624,0.50587,-1.9552
5.8881,-0.00050883,-0.098726,0.85806,-0.00045157,0.51818,-1.9862
5.9101,-0.0005191,-0.087017,0.81353,-0.00045214,0.54364,-2.0517
5.9278,-0.0005263,-0.077224,0.77679,-0.00034572,0.56489,-2.1076
5.9455,-0.00053102,-0.067048,0.73903,-0.00017822,0.58703,-2.1668
5.9631,-0.00053249,-0.056473,0.70019,1.7701e-05,0.61016,-2.2295
5.9808,-0.00053034,-0.045479,0.66022,0.00022535,0.63432,-2.2956
5.9985,-0.00052434,-0.03405,0.61905,0.00046125,0.65944,-2.3651
6.0161,-0.00051359,-0.02217,0.57662,0.00076526,0.68536,-2.4378
6.0338,-0.00049659,-0.0098268,0.53288,0.0011887,0.71178,-2.513
6.0427,-0.00048492,-0.0034796,0.51051,0.0014597,0.72507,-2.5513
6.0438,-0.00048329,-0.0026779,0.50769,0.0014966,0.72673,-2.5562
6.0449,-0.00048161,-0.0018744,0.50486,0.0015342,0.72839,-2.561
6.046,-0.0004799,-0.0010691,0.50203,0.0015725,0.73005,-2.5658
6.046,-0.00047978,-0.0010137,0.50184,0.0015752,0.73016,-2.5661
6.0461,-0.00047966,-0.00095833,0.50164,0.0015778,0.73028,-2.5665
6.0463,-0.00047942,-0.00084755,0.50125,0.0015842,0.7305,-2.5671
6.0463,-0.00047936,-0.00082262,0.50117,0.0015952,0.73053,-2.5672
6.0463,-0.00047931,-0.0007977,0.50108,0.0016176,0.73052,-2.5673
6.0464,-0.00047925,-0.00077277,0.50099,0.0016604,0.73046,-2.5674
6.0464,-0.0004792,-0.00074784,0.5009,0.0017364,0.7303,-2.5673
6.0464,-0.00047914,-0.00072292,0.50082,0.0018634,0.73001,-2.5671
6.0465,-0.00047899,-0.00067314,0.50064,0.0023608,0.72876,-2.5659
6.0466,-0.0004788,-0.00062348,0.50047,0.0033482,0.72616,-2.5633
6.0466,-0.00047857,-0.00058072,0.50031,0.0046923,0.72258,-2.5597
6.0467,-0.00047828,-0.00054244,0.50018,0.0062016,0.71853,-2.5555
6.0467,-0.00047795,-0.00050817,0.50006,0.0076119,0.71474,-2.5516
6.0468,-0.00047755,-0.00047409,0.49994,0.0090067,0.711,-2.5477
6.0468,-0.00047709,-0.00044019,0.49981,0.01041,0.70723,-2.5438
6.0469,-0.00047596,-0.00037292,0.49957,0.013204,0.69973,-2.5361
6.0471,-0.0004729,-0.00024053,0.49909,0.018768,0.68477,-2.5206
6.0473,-0.00046878,-0.00011099,0.49861,0.024297,0.66991,-2.5052
6.0475,-0.00046361,1.5713e-05,0.49813,0.029788,0.65513,-2.4898
6.0477,-0.00045739,0.0001396,0.49765,0.03524,0.64044,-2.4746
6.0479,-0.00045013,0.00026068,0.49718,0.040651,0.62586,-2.4594
6.0481,-0.00044184,0.00037899,0.49671,0.04602,0.61138,-2.4443
6.0485,-0.00042221,0.00060735,0.49578,0.056623,0.58275,-2.4145
6.0492,-0.00037095,0.0010317,0.49396,0.077248,0.52694,-2.356
6.0508,-0.00022275,0.0017564,0.49044,0.11588,0.42189,-2.2452
6.0523,-1.8404e-05,0.0023278,0.48708,0.15061,0.32678,-2.1438
6.0538,0.00023586,0.002762,0.48388,0.18109,0.24253,-2.0528
6.0553,0.00053343,0.0030759,0.4808,0.20721,0.16957,-1.9728
6.0584,0.0012319,0.0034115,0.47497,0.24647,0.057178,-1.8458
6.0615,0.0020257,0.0034674,0.46946,0.26981,-0.013986,-1.7593
6.0628,0.0023811,0.0034359,0.46719,0.27553,-0.033377,-1.7332
6.0641,0.0027425,0.0033828,0.46494,0.27905,-0.047141,-1.7125
6.0654,0.0031071,0.0033152,0.46272,0.28064,-0.05592,-1.6968
6.068,0.0038371,0.0031596,0.45833,0.27893,-0.061098,-1.677
6.0706,0.0045558,0.0030076,0.45398,0.27225,-0.053884,-1.6688
6.0732,0.0052525,0.0028856,0.44963,0.26226,-0.038752,-1.6673
6.0758,0.0059204,0.0028092,0.44529,0.25038,-0.019467,-1.6687
6.0784,0.0065561,0.0027851,0.44094,0.23768,0.0010043,-1.6698
6.081,0.0071586,0.0028135,0.43659,0.22499,0.020492,-1.6684
6.0836,0.0077286,0.0028898,0.43225,0.21283,0.037554,-1.663
6.0862,0.008268,0.0030063,0.42794,0.20152,0.05137,-1.6525
6.0888,0.0087792,0.0031543,0.42365,0.19116,0.061629,-1.6369
6.094,0.0097268,0.0035077,0.41524,0.1732,0.071971,-1.5904
6.0987,0.010506,0.0038478,0.40791,0.15937,0.071933,-1.534
6.1034,0.011223,0.0041732,0.40087,0.14666,0.066228,-1.4674
6.1081,0.011881,0.0044643,0.39416,0.13411,0.057683,-1.3939
6.1128,0.01248,0.0047129,0.38781,0.12107,0.048364,-1.3162
6.1175,0.013015,0.0049186,0.38182,0.1072,0.039465,-1.236
6.1221,0.013483,0.0050846,0.37622,0.0924,0.031509,-1.1543
6.1268,0.01388,0.0052157,0.371,0.076785,0.024503,-1.0715
6.1315,0.014202,0.0053156,0.36617,0.060525,0.018267,-0.98797
6.1362,0.014447,0.0053877,0.36174,0.043853,0.012468,-0.90371
6.1409,0.014613,0.0054329,0.3577,0.026946,0.0069212,-0.81903
6.1456,0.0147,0.0054525,0.35406,0.010008,0.001375,-0.73413
6.1479,0.014713,0.0054524,0.35239,0.0015584,-0.0013906,-0.69176
6.1503,0.014707,0.0054459,0.35081,-0.0068517,-0.0041708,-0.6495
6.1526,0.014681,0.0054329,0.34934,-0.015211,-0.0069608,-0.6074
6.155,0.014636,0.0054133,0.34797,-0.023506,-0.0097595,-0.56554
6.1573,0.014571,0.0053871,0.34669,-0.031726,-0.01256,-0.52398
6.162,0.014384,0.0053151,0.34443,-0.047898,-0.018141,-0.442
6.1714,0.013788,0.0050937,0.34103,-0.078888,-0.029014,-0.28438
6.1795,0.01304,0.0048201,0.33923,-0.10402,-0.037896,-0.15641
6.1877,0.012095,0.004477,0.33844,-0.127,-0.046011,-0.039444
6.1959,0.010972,0.004071,0.33855,-0.14749,-0.053223,0.064649
6.204,0.0096933,0.0036102,0.33946,-0.16517,-0.05946,0.15434
6.2204,0.0067654,0.0025569,0.34314,-0.19121,-0.068653,0.28587
6.2351,0.0038528,0.0015098,0.34786,-0.20319,-0.073192,0.34625
6.2498,0.00084375,0.00042732,0.35305,-0.20431,-0.073563,0.35022
6.2571,-0.00064645,-0.00011095,0.35556,-0.20078,-0.072552,0.33201
6.2645,-0.002102,-0.00063662,0.3579,-0.19477,-0.07049,0.30069
6.2682,-0.0028108,-0.0008933,0.35896,-0.19085,-0.069118,0.28037
6.2718,-0.0035042,-0.0011444,0.35995,-0.18636,-0.06752,0.25705
6.2755,-0.00418,-0.0013893,0.36085,-0.18131,-0.065708,0.23086
6.2792,-0.0048363,-0.0016272,0.36165,-0.17572,-0.063694,0.20191
6.2865,-0.0060824,-0.002079,0.3629,-0.16301,-0.0591,0.1362
6.3012,-0.0082605,-0.0028686,0.36377,-0.13222,-0.047893,-0.022735
6.3086,-0.0091682,-0.0031973,0.36327,-0.11457,-0.041448,-0.11373
6.3159,-0.0099418,-0.0034768,0.36208,-0.095732,-0.034544,-0.21083
6.3306,-0.011057,-0.003877,0.35748,-0.055503,-0.019759,-0.41827
6.3453,-0.011565,-0.0040539,0.34974,-0.013569,-0.0043154,-0.63477
6.3586,-0.011496,-0.0040195,0.34005,0.023947,0.0094278,-0.82863
6.3705,-0.011016,-0.0038361,0.32918,0.056248,0.021177,-0.99574
6.3812,-0.010267,-0.0035565,0.31775,0.083237,0.030882,-1.1355
6.3919,-0.0092418,-0.0031783,0.30489,0.10751,0.03945,-1.2612
6.4026,-0.0079744,-0.0027156,0.29078,0.12838,0.046711,-1.3694
6.4134,-0.0065043,-0.002183,0.27561,0.14529,0.052394,-1.4569
6.4348,-0.0031413,-0.0009792,0.24309,0.16522,0.059084,-1.5611
6.4442,-0.0015688,-0.00042146,0.22831,0.16787,0.059273,-1.5737
6.4536,8.7904e-06,0.00013584,0.2135,0.16644,0.058527,-1.5662
6.4621,0.0014034,0.00062344,0.20032,0.16185,0.05668,-1.5421
6.4664,0.0020825,0.00086143,0.19381,0.15838,0.055438,-1.5242
6.4706,0.0027454,0.0010933,0.1874,0.15419,0.053942,-1.5024
6.4748,0.003389,0.0013184,0.18108,0.14928,0.052188,-1.4768
6.4791,0.0040103,0.0015355,0.17488,0.1437,0.050202,-1.4477
6.4833,0.0046066,0.0017438,0.16881,0.13747,0.047992,-1.4152
6.4918,0.0057134,0.00213,0.15711,0.12319,0.042977,-1.3407
6.5087,0.0075189,0.0027602,0.13586,0.088635,0.030899,-1.1598
6.5257,0.0086869,0.0031687,0.11794,0.048596,0.01703,-0.95019
6.5427,0.009154,0.0033323,0.1037,0.0064735,0.0023076,-0.729
6.5463,0.0091612,0.0033351,0.10116,-0.0024742,-0.00077705,-0.68211
6.5499,0.0091362,0.0033267,0.098775,-0.011326,-0.0038554,-0.63565
6.5535,0.0090795,0.0033073,0.096561,-0.020053,-0.0069113,-0.58978
6.5607,0.0088728,0.0032356,0.092623,-0.03702,-0.012893,-0.50049
6.568,0.0085464,0.0031215,0.089316,-0.053157,-0.018611,-0.4155
6.5752,0.008107,0.0029675,0.086604,-0.068259,-0.02397,-0.33594
6.5824,0.0075628,0.0027762,0.084445,-0.082136,-0.028894,-0.26286
6.5969,0.0061989,0.0022958,0.081575,-0.10556,-0.037194,-0.13964
6.6113,0.0045436,0.0017123,0.080238,-0.12232,-0.043139,-0.051558
6.6258,0.0026982,0.0010613,0.079897,-0.13179,-0.046455,-0.002217
6.633,0.0017378,0.00072274,0.079922,-0.13367,-0.04714,0.0074848
6.6402,0.00077068,0.00038164,0.079981,-0.13367,-0.047139,0.0071895
6.6547,-0.0011303,-0.00028882,0.079917,-0.12816,-0.045247,-0.022363
6.6677,-0.0027333,-0.00085375,0.079281,-0.1174,-0.041367,-0.079934
6.6735,-0.003402,-0.0010896,0.078715,-0.11091,-0.039123,-0.11436
6.6794,-0.0040301,-0.0013111,0.077933,-0.10351,-0.036533,-0.15362
6.6853,-0.0046123,-0.0015167,0.076908,-0.095288,-0.033642,-0.19726
6.6911,-0.0051442,-0.0017045,0.075616,-0.086324,-0.030489,-0.24482
6.697,-0.0056217,-0.0018732,0.074035,-0.076713,-0.027106,-0.29581
6.7028,-0.0060413,-0.0020215,0.072147,-0.066548,-0.023538,-0.34969
6.7145,-0.0066954,-0.0022533,0.067391,-0.04497,-0.01597,-0.46404
6.7262,-0.0070904,-0.0023944,0.061261,-0.022421,-0.0080964,-0.58342
6.7379,-0.0072199,-0.0024427,0.053727,0.00023806,-0.00017407,-0.70341
6.7438,-0.0071858,-0.0024323,0.049436,0.011355,0.0036992,-0.76224
6.7497,-0.0070875,-0.0023996,0.044806,0.022191,0.0074774,-0.8196
6.7555,-0.0069268,-0.002345,0.039845,0.032649,0.011125,-0.87497
6.7672,-0.0064287,-0.0021744,0.028987,0.052073,0.017907,-0.97785
6.7789,-0.0057175,-0.0019292,0.017001,0.068961,0.023824,-1.0674
6.7906,-0.0048262,-0.0016208,0.004059,0.082766,0.02869,-1.1407
6.7914,-0.0047654,-0.0015997,0.0032228,0.083517,0.028956,-1.1447
6.7921,-0.004704,-0.0015784,0.0023838,0.084253,0.029217,-1.1486
6.7928,-0.0046421,-0.0015569,0.0015419,0.084976,0.029474,-1.1524
6.7932,-0.0046109,-0.0015461,0.00112,0.085332,0.029601,-1.1543
6.7934,-0.0045953,-0.0015407,0.00090871,0.085509,0.029663,-1.1553
6.7935,-0.0045875,-0.001538,0.00080302,0.08561,0.029645,-1.1556
6.7935,-0.0045836,-0.0015366,0.00075017,0.085709,0.029449,-1.1555
6.7936,-0.0045796,-0.0015353,0.00069733,0.085906,0.028875,-1.1547
6.7936,-0.0045763,-0.0015342,0.00065294,0.086221,0.027817,-1.153
6.7936,-0.0045735,-0.0015333,0.000615,0.086664,0.026242,-1.1504
6.7937,-0.0045709,-0.0015326,0.00058094,0.087247,0.024113,-1.1468
6.7937,-0.0045683,-0.0015319,0.00054701,0.088036,0.02119,-1.1417
6.7937,-0.0045657,-0.0015313,0.00051326,0.089035,0.017451,-1.1353
6.7937,-0.0045644,-0.0015311,0.00049646,0.089605,0.015309,-1.1316
6.7937,-0.004563,-0.0015309,0.00047971,0.090209,0.013036,-1.1276
6.7938,-0.0045617,-0.0015307,0.00046303,0.09083,0.010694,-1.1235
6.7938,-0.0045603,-0.0015305,0.00044641,0.091453,0.0083458,-1.1195
6.7938,-0.004559,-0.0015304,0.00042984,0.092071,0.0060117,-1.1154
6.7938,-0.0045562,-0.0015303,0.00039689,0.093299,0.0013709,-1.1073
6.7939,-0.0045506,-0.0015305,0.00033171,0.095718,-0.0077876,-1.0913
6.7939,-0.0045449,-0.0015312,0.00026748,0.098087,-0.016784,-1.0756
6.7941,-0.004533,-0.0015343,0.00014177,0.10268,-0.034298,-1.0447
6.7942,-0.0045218,-0.0015387,3.1711e-05,0.10665,-0.049529,-1.0178
6.7943,-0.0045102,-0.0015448,-7.5505e-05,0.11047,-0.064267,-0.99153
6.7944,-0.0044982,-0.0015525,-0.00017996,0.11414,-0.078524,-0.96597
6.7946,-0.0044731,-0.0015721,-0.00038086,0.12106,-0.10565,-0.91689
6.7948,-0.0044466,-0.0015974,-0.00057157,0.12743,-0.13099,-0.87039
6.795,-0.0044187,-0.0016279,-0.00075262,0.13329,-0.15463,-0.82635
6.7954,-0.0043596,-0.0017032,-0.0010877,0.14353,-0.19715,-0.74514
6.7963,-0.0042301,-0.0019022,-0.0016628,0.15879,-0.26522,-0.60716
6.7972,-0.0040901,-0.0021508,-0.0021322,0.16816,-0.31416,-0.49658
6.798,-0.0039442,-0.0024343,-0.0025169,0.1727,-0.34757,-0.40813
6.7989,-0.0037962,-0.0027409,-0.002834,0.17333,-0.36839,-0.33745
6.8006,-0.0035054,-0.0033858,-0.0033172,0.16571,-0.38173,-0.23579
6.8023,-0.003235,-0.0040294,-0.0036603,0.14991,-0.36905,-0.17026
6.804,-0.0029964,-0.0046366,-0.0039119,0.12907,-0.34045,-0.12674
6.8057,-0.002796,-0.0051864,-0.0041012,0.10538,-0.30269,-0.09608
6.8074,-0.0026374,-0.0056673,-0.0042447,0.080342,-0.26027,-0.072534
6.8091,-0.0025219,-0.0060742,-0.0043512,0.054965,-0.21613,-0.052654
6.8108,-0.0024494,-0.0064057,-0.0044253,0.029973,-0.17222,-0.034376
6.8125,-0.002419,-0.0066632,-0.0044689,0.0058508,-0.12975,-0.016695
6.8142,-0.0024288,-0.0068501,-0.0044825,-0.017066,-0.089481,0.00077865
6.8159,-0.0024764,-0.0069703,-0.0044663,-0.038541,-0.051863,0.018096
6.8175,-0.0025497,-0.0070256,-0.0044267,-0.056499,-0.020501,0.033422
6.819,-0.0026494,-0.0070346,-0.0043638,-0.07307,0.0083805,0.048324
6.8221,-0.0029197,-0.0069292,-0.0041718,-0.10183,0.058508,0.076065
6.8247,-0.0032126,-0.0067294,-0.0039455,-0.12154,0.093112,0.096589
6.8273,-0.0035513,-0.0064487,-0.0036701,-0.13685,0.12049,0.11355
6.8299,-0.0039243,-0.0061056,-0.0033554,-0.14785,0.14092,0.12651
6.8325,-0.0043206,-0.0057178,-0.0030124,-0.15469,0.15475,0.13525
6.8378,-0.0051414,-0.0048735,-0.002285,-0.15693,0.1645,0.14032
6.843,-0.0059386,-0.004033,-0.0015708,-0.14618,0.15415,0.13066
6.8482,-0.0066529,-0.0032877,-0.00093849,-0.12576,0.12893,0.10976
6.8534,-0.007243,-0.0027009,-0.00043595,-0.099271,0.094445,0.0817
6.8587,-0.0076863,-0.002307,-8.9668e-05,-0.070184,0.056053,0.050624
6.8639,-0.0079776,-0.0021135,9.4427e-05,-0.041561,0.01845,0.020228
6.8691,-0.0081259,-0.0021061,0.00012798,-0.015832,-0.014622,-0.0065923
6.8744,-0.0081511,-0.002254,3.5304e-05,0.0053291,-0.040593,-0.027843
6.8796,-0.0080797,-0.0025159,-0.00015143,0.021019,-0.058094,-0.042425
6.8848,-0.0079412,-0.0028461,-0.00039632,0.031045,-0.06684,-0.050132
6.89,-0.0077643,-0.0032005,-0.00066452,0.035808,-0.067457,-0.051475
6.8953,-0.0075744,-0.0035397,-0.00092532,0.03616,-0.061279,-0.047484
6.9005,-0.0073919,-0.0038325,-0.0011541,0.033213,-0.050036,-0.039504
6.9057,-0.0072307,-0.0040574,-0.001334,0.028207,-0.035654,-0.029045
6.911,-0.0070985,-0.004203,-0.001456,0.022332,-0.019984,-0.017557
6.9162,-0.0069969,-0.004267,-0.0015181,0.016639,-0.0046516,-0.0063474
6.9214,-0.0069227,-0.0042546,-0.0015245,0.011958,0.0090323,0.0036237
6.924,-0.0068939,-0.0042231,-0.0015093,0.010183,0.014973,0.0078918
6.9266,-0.0068691,-0.004177,-0.0014837,0.0088495,0.020209,0.011602
6.9293,-0.0068472,-0.0041181,-0.0014492,0.0079899,0.024686,0.014733
6.9319,-0.0068269,-0.0040486,-0.0014072,0.0076132,0.028393,0.017249
6.9345,-0.006807,-0.0039704,-0.0013595,0.0077207,0.031323,0.019165
6.9371,-0.0067861,-0.0038855,-0.0013076,0.008297,0.033498,0.020492
6.9397,-0.0067632,-0.0037959,-0.0012529,0.0093145,0.034963,0.02125
6.9423,-0.0067371,-0.0037033,-0.0011969,0.010742,0.035757,0.021503
6.9449,-0.0067067,-0.0036094,-0.0011409,0.012533,0.035957,0.021282
6.9475,-0.0066713,-0.0035158,-0.001086,0.01464,0.03563,0.020654
6.9502,-0.00663,-0.0034236,-0.0010332,0.017011,0.034857,0.019681
6.9528,-0.0065822,-0.0033339,-0.00098337,0.019591,0.033722,0.018425
6.958,-0.0064654,-0.0031651,-0.00089486,0.025157,0.030691,0.015339
6.9632,-0.0063189,-0.0030138,-0.00082361,0.030913,0.027181,0.011897
6.9685,-0.0061425,-0.0028808,-0.00077027,0.036489,0.023754,0.0085421
6.9737,-0.0059382,-0.0027645,-0.00073347,0.041591,0.020846,0.00563
6.9789,-0.0057089,-0.0026613,-0.00071022,0.046017,0.01876,0.0033919
6.9841,-0.0054585,-0.0025666,-0.00069661,0.049659,0.017655,0.001949
6.9894,-0.0051911,-0.002475,-0.0006884,0.052496,0.01755,0.0013287
6.9946,-0.0049109,-0.0023815,-0.00068143,0.05458,0.018359,0.0014566
6.9998,-0.0046216,-0.0022817,-0.00067208,0.056012,0.019918,0.0021997
7.0051,-0.0043262,-0.0021723,-0.00065761,0.05693,0.022004,0.0034012
7.0103,-0.004027,-0.0020511,-0.00063609,0.057479,0.024389,0.0048679
7.0155,-0.0037256,-0.0019172,-0.00060654,0.057801,0.026849,0.0064208
7.0207,-0.0034228,-0.0017707,-0.00056902,0.058023,0.029178,0.0079219
7.026,-0.0031189,-0.0016126,-0.00052408,0.058239,0.031234,0.0092318
7.0312,-0.0028138,-0.0014448,-0.00047291,0.058514,0.032907,0.010276
7.0364,-0.002507,-0.0012693,-0.00041721,0.058886,0.034128,0.011036
7.0416,-0.002198,-0.0010886,-0.00035825,0.059345,0.034933,0.011441
7.0469,-0.0018863,-0.00090493,-0.00029787,0.059885,0.035305,0.011582
7.0521,-0.0015718,-0.00072006,-0.00023768,0.060468,0.035298,0.011514
7.0568,-0.0012861,-0.00055447,-0.00018402,0.060971,0.035089,0.01123
7.0615,-0.00099812,-0.0003903,-0.00013194,0.061433,0.034687,0.010877
7.0662,-0.00070817,-0.00022823,-8.177e-05,0.061811,0.034167,0.010475
7.0709,-0.00041669,-6.8818e-05,-3.3477e-05,0.062066,0.033601,0.010034
7.0756,-0.00012435,8.787e-05,1.277e-05,0.062178,0.033008,0.0096242
7.0803,0.00016813,0.00024182,5.7121e-05,0.062126,0.032427,0.0092588
7.085,0.00045996,0.00039309,9.9933e-05,0.061894,0.031888,0.0089398
7.0897,0.00075027,0.00054193,0.00014139,0.061482,0.031388,0.0086934
7.0944,0.0010382,0.00068853,0.00018182,0.060891,0.030933,0.0085095
7.0992,0.001323,0.00083307,0.00022154,0.060127,0.030517,0.0083788
7.1039,0.0016038,0.00097571,0.00026075,0.059205,0.030117,0.0082989
7.1133,0.0021506,0.0012554,0.00033829,0.05694,0.029307,0.0082183
7.1213,0.0025991,0.0014878,0.00040405,0.054637,0.028521,0.0081314
7.1293,0.003028,0.0017132,0.00046894,0.052069,0.027554,0.0079878
7.1374,0.0034354,0.00193,0.0005322,0.049289,0.026352,0.0077567
7.1454,0.0038197,0.0021361,0.00059305,0.046321,0.024921,0.0073942
7.1534,0.0041794,0.0023299,0.00065067,0.043177,0.023283,0.0068959
7.1615,0.0045132,0.0025096,0.00070395,0.039869,0.021441,0.0063323
7.1695,0.0048197,0.0026741,0.00075227,0.036395,0.019441,0.0057327
7.1776,0.0050976,0.002822,0.00079572,0.032736,0.017387,0.0050371
7.1816,0.0052254,0.0028897,0.00081535,0.030848,0.016317,0.0047139
7.1856,0.0053454,0.0029531,0.00083361,0.02892,0.015234,0.0043928
7.1896,0.0054577,0.0030121,0.00085061,0.026951,0.014151,0.0040613
7.1936,0.005562,0.0030667,0.00086627,0.024946,0.01306,0.0037347
7.1976,0.0056581,0.003117,0.00088062,0.022908,0.011964,0.003412
7.2017,0.005746,0.0031629,0.00089368,0.02084,0.010865,0.0030906
7.2097,0.0058966,0.0032413,0.00091597,0.016628,0.0086551,0.0024554
7.2177,0.006013,0.0033019,0.00093318,0.012342,0.0064307,0.0018275
7.2258,0.0060948,0.0033446,0.00094533,0.0080128,0.0041934,0.0011985
7.2338,0.0061418,0.0033693,0.00095242,0.0036715,0.001946,0.00056342
7.2418,0.0061539,0.0033759,0.00095438,-0.00065386,-0.00030739,-7.624e-05
7.2499,0.0061314,0.0033644,0.00095117,-0.0049375,-0.0025576,-0.00071973
7.2579,0.0060747,0.0033349,0.00094279,-0.0091584,-0.0047864,-0.0013706
7.2619,0.0060337,0.0033134,0.00093664,-0.011238,-0.0058916,-0.0016915
7.2659,0.0059844,0.0032875,0.0009292,-0.013294,-0.0069867,-0.00201
7.27,0.0059269,0.0032573,0.00092049,-0.015324,-0.0080687,-0.0023269
7.278,0.0057877,0.0031839,0.00089929,-0.019297,-0.010188,-0.0029492
7.2852,0.0056356,0.0031035,0.000876,-0.02276,-0.012035,-0.0034892
7.2997,0.0052583,0.0029039,0.00081804,-0.029312,-0.01552,-0.0045027
7.3127,0.0048411,0.0026829,0.00075396,-0.034711,-0.018367,-0.005343
7.3192,0.004607,0.002559,0.000718,-0.037206,-0.019685,-0.0057207
7.3257,0.0043571,0.0024268,0.0006796,-0.039553,-0.020928,-0.0060681
7.3322,0.0040924,0.0022868,0.00063899,-0.041747,-0.022082,-0.0064007
7.3387,0.003814,0.0021396,0.00059631,-0.04378,-0.023148,-0.0067138
7.3453,0.0035229,0.0019857,0.00055169,-0.045642,-0.024129,-0.0069965
7.3518,0.0032202,0.0018257,0.0005053,-0.04733,-0.02502,-0.0072516
7.3648,0.0025848,0.0014898,0.00040792,-0.05016,-0.026516,-0.0076835
7.3778,0.0019174,0.001137,0.00030565,-0.052241,-0.027614,-0.0080089
7.3908,0.001228,0.00077247,0.00020004,-0.053552,-0.028297,-0.0082274
7.3973,0.00087812,0.00058756,0.00014637,-0.053913,-0.028495,-0.0082744
7.4038,0.00052656,0.00040174,9.2411e-05,-0.054078,-0.02859,-0.0082899
7.4103,0.00017455,0.00021565,3.8438e-05,-0.05405,-0.028574,-0.0082875
7.4169,-0.00017663,2.9988e-05,-1.5397e-05,-0.053829,-0.028454,-0.0082569
7.4234,-0.00052576,-0.00015455,-6.8955e-05,-0.053415,-0.028237,-0.0081891
7.4299,-0.00087157,-0.00033734,-0.00012199,-0.052812,-0.027917,-0.0080965
7.4364,-0.0012128,-0.00051776,-0.00017428,-0.052023,-0.027494,-0.0079815
7.4429,-0.0015484,-0.0006951,-0.00022575,-0.05105,-0.026982,-0.0078277
7.4494,-0.001877,-0.00086877,-0.00027617,-0.0499,-0.026374,-0.0076499
7.4559,-0.0021976,-0.0010383,-0.00032524,-0.048579,-0.025666,-0.0074593
7.4624,-0.002509,-0.0012028,-0.00037307,-0.047085,-0.024889,-0.0072124
7.4689,-0.0028102,-0.0013619,-0.0004193,-0.045434,-0.024017,-0.0069579
7.4754,-0.0031001,-0.0015153,-0.00046357,-0.043635,-0.02304,-0.0067145
7.4813,-0.0033507,-0.0016476,-0.00050207,-0.04188,-0.022128,-0.0064261
7.4871,-0.0035906,-0.0017743,-0.00053897,-0.040014,-0.021152,-0.0061273
7.4924,-0.0037969,-0.0018834,-0.00057053,-0.038248,-0.020207,-0.0058712
7.4977,-0.0039937,-0.0019874,-0.00060072,-0.036395,-0.019232,-0.005581
7.503,-0.0041806,-0.0020861,-0.00062941,-0.034465,-0.018216,-0.0052806
7.5082,-0.004357,-0.0021794,-0.00065643,-0.032465,-0.017151,-0.0049832
7.5135,-0.0045228,-0.0022669,-0.00068185,-0.030395,-0.016059,-0.004664
7.5188,-0.0046774,-0.0023486,-0.0007056,-0.028263,-0.014936,-0.0043323
7.5241,-0.0048207,-0.0024243,-0.00072756,-0.026074,-0.013778,-0.0039984
7.5293,-0.0049523,-0.0024939,-0.00074773,-0.023834,-0.012593,-0.0036554
7.5346,-0.0050719,-0.0025571,-0.0007661,-0.021547,-0.011386,-0.0033033
7.5399,-0.0051794,-0.0026139,-0.00078257,-0.01922,-0.010155,-0.0029483
7.5451,-0.0052745,-0.0026641,-0.00079716,-0.016858,-0.0089065,-0.0025858
7.5504,-0.0053571,-0.0027078,-0.00080983,-0.014466,-0.0076435,-0.0022181
7.5557,-0.005427,-0.0027447,-0.00082055,-0.012052,-0.0063671,-0.0018483
7.561,-0.0054842,-0.0027749,-0.00082931,-0.0096194,-0.0050817,-0.0014754
7.5662,-0.0055284,-0.0027983,-0.00083611,-0.0071751,-0.0037904,-0.0011002
7.5715,-0.0055598,-0.0028148,-0.00084092,-0.004725,-0.0024955,-0.00072489
7.582,-0.0055838,-0.0028275,-0.00084459,0.00017006,9.1531e-05,2.5074e-05
7.5911,-0.0055634,-0.0028167,-0.00084147,0.0043352,0.0022911,0.00066531
7.6001,-0.0055056,-0.0027862,-0.00083261,0.0084382,0.0044584,0.0012952
7.6083,-0.0054221,-0.0027421,-0.00081981,0.012054,0.0063706,0.0018479
7.6164,-0.0053096,-0.0026826,-0.00080254,0.015578,0.008233,0.0023877
7.6246,-0.0051688,-0.0026082,-0.00078096,0.018991,0.010035,0.002913
7.6327,-0.0050007,-0.0025194,-0.0007552,0.022273,0.011769,0.0034167
7.6408,-0.0048066,-0.0024168,-0.0007254,0.025406,0.013427,0.0038941
7.649,-0.0045875,-0.002301,-0.00069181,0.028377,0.014996,0.0043507
7.6571,-0.004345,-0.0021729,-0.00065467,0.031168,0.016467,0.0047842
7.6653,-0.0040806,-0.0020332,-0.00061407,0.033762,0.017846,0.005172
7.6734,-0.0037959,-0.0018827,-0.00057037,0.03615,0.019111,0.0055339
7.6815,-0.0034926,-0.0017224,-0.00052402,0.038325,0.020237,0.0058974
7.6897,-0.0031726,-0.0015533,-0.00047483,0.040256,0.021287,0.0061567
7.6938,-0.0030069,-0.0014658,-0.00044941,0.041138,0.021749,0.0062972
7.6978,-0.0028378,-0.0013763,-0.00042356,0.041961,0.02217,0.0064416
7.7019,-0.0026654,-0.0012853,-0.00039706,0.042716,0.022579,0.0065446
7.706,-0.0024901,-0.0011926,-0.00037018,0.043411,0.022945,0.0066541
7.71,-0.0023121,-0.0010985,-0.00034294,0.044044,0.023273,0.0067591
7.7141,-0.0021317,-0.0010032,-0.00031524,0.04461,0.023577,0.0068409
7.7222,-0.0017645,-0.00080917,-0.0002589,0.045549,0.024078,0.0069795
7.7288,-0.0014646,-0.00065063,-0.00021295,0.046116,0.024373,0.0070722
7.7353,-0.0011616,-0.00049046,-0.00016649,0.046511,0.024583,0.0071316
7.7419,-0.00085651,-0.00032923,-0.0001197,0.046734,0.024704,0.0071632
7.7484,-0.00055054,-0.00016749,-7.2794e-05,0.046788,0.024731,0.0071739
7.755,-0.00024477,-5.8627e-06,-2.5924e-05,0.046671,0.024669,0.0071572
7.7615,5.9678e-05,0.00015505,2.0775e-05,0.046385,0.024521,0.0071095
7.768,0.00036171,0.00031472,6.7069e-05,0.045934,0.02428,0.0070446
7.7746,0.00066024,0.00047255,0.00011282,0.045318,0.023953,0.0069532
7.7811,0.00095424,0.0006279,0.00015798,0.044538,0.023554,0.006816
7.7877,0.0012426,0.00078037,0.00020216,0.043605,0.023054,0.0066836
7.7942,0.0015243,0.00092943,0.00024521,0.042521,0.022467,0.0065358
7.7971,0.0016487,0.00099514,0.00026434,0.041982,0.022188,0.0064447
7.8001,0.0017715,0.00106,0.00028317,0.041414,0.021889,0.0063568
7.806,0.0020117,0.001187,0.00032002,0.04019,0.021251,0.0061585
7.8112,0.0022176,0.0012958,0.00035166,0.039017,0.020637,0.0059711
7.8157,0.0023901,0.0013871,0.00037805,0.037941,0.020057,0.005821
7.8201,0.0025577,0.0014757,0.00040375,0.036801,0.019457,0.0056419
7.8246,0.00272,0.0015615,0.00042866,0.035602,0.018827,0.0054546
7.8291,0.0028768,0.0016444,0.00045267,0.03435,0.018161,0.005268
7.8336,0.0030279,0.0017243,0.00047583,0.033042,0.01747,0.0050667
7.8381,0.003173,0.001801,0.00049809,0.031683,0.016753,0.0048564
7.8426,0.0033119,0.0018744,0.00051938,0.030275,0.016009,0.004641
7.8515,0.0035702,0.0020111,0.00055897,0.027323,0.014447,0.0041895
7.8605,0.0038014,0.0021333,0.00059442,0.024207,0.012802,0.0037099
7.8695,0.0040039,0.0022404,0.00062547,0.02095,0.01108,0.0032101
7.8784,0.0041767,0.0023318,0.00065195,0.017577,0.0092936,0.0026965
7.8874,0.0043188,0.0024069,0.00067372,0.014108,0.00746,0.0021643
7.8964,0.0044295,0.0024654,0.00069074,0.010568,0.0055953,0.0016125
7.9053,0.0045082,0.0025071,0.00070278,0.0069873,0.0036933,0.0010742
7.9098,0.0045355,0.0025215,0.00070695,0.0051865,0.0027412,0.00079798
7.9143,0.0045547,0.0025317,0.00070991,0.0033826,0.0017916,0.00051589
7.9188,0.0045658,0.0025376,0.00071161,0.0015816,0.00083688,0.00024278
7.9232,0.0045689,0.0025392,0.00071207,-0.00021573,-0.00011423,-3.193e-05
7.9273,0.0045648,0.002537,0.00071144,-0.0018244,-0.00096363,-0.00028022
7.9313,0.0045542,0.0025314,0.00070982,-0.0034248,-0.0018101,-0.00052538
7.9353,0.0045372,0.0025224,0.00070722,-0.0050149,-0.0026511,-0.00076896
7.9394,0.0045138,0.0025101,0.00070363,-0.0065927,-0.0034855,-0.0010109
7.9474,0.0044482,0.0024754,0.00069357,-0.0097029,-0.0051302,-0.0014877
7.9555,0.0043578,0.0024276,0.0006797,-0.012739,-0.0067355,-0.0019529
7.9716,0.0041055,0.0022942,0.00064102,-0.018522,-0.009794,-0.0028392
7.9877,0.0037638,0.0021135,0.00058864,-0.023822,-0.012594,-0.003655
8,0.0034472,0.0019461,0.00054015,-0.027485,-0.014524,-0.0042241
